{
  "project_info": {
    "project_number": "1092398930430",
    "project_id": "authentication-app-876e3",
    "storage_bucket": "authentication-app-876e3.appspot.com"
  },
  "client": [
    {
      "client_info": {
        "mobilesdk_app_id": "1:1092398930430:android:da9f01b6710617457b08af",
        "android_client_info": {
          "package_name": "com.example.authenticationapp"
        }
      },
      "oauth_client": [
        {
          "client_id": "1092398930430-bjj60neums5dsc6vt4b2p72q90vsn42m.apps.googleusercontent.com",
          "client_type": 3
        }
      ],
      "api_key": [
        {
          "current_key": "AIzaSyAwVPuDAb_jYdd8E_HV_FoaeRH_AyY8-3M"
        }
      ],
      "services": {
        "appinvite_service": {
          "other_platform_oauth_client": [
            {
              "client_id": "1092398930430-bjj60neums5dsc6vt4b2p72q90vsn42m.apps.googleusercontent.com",
              "client_type": 3
            }
          ]
        }
      }
    }
  ],
  "configuration_version": "1"
}